Nota;Etiqueta
after all i was stupid to be used because i worked hard to adjust myself to the atmosphere in the presidents room under the direction of the director .;Abuse
of course ido not want to die but it is suffering to live .;Abuse
whatever this new accusation is it has beaten me .;Abuse
passed in great anxiety finally painted the background in the sketch after harassing about to no purpose in the heat .;Abuse
the most charming intelligent and important people i have known have liked me and the list of my enemies is very flattering to me .;Abuse
it has prevented my getting anything like the full value out of my talent and the past three years has made work a torture to do at all .;Abuse
i hve receved hate letters telling me to leave school telling me that faggots are not welcome and that i am a fag .;Abuse
i was burning in hell every day .;Abuse
or write faggot on my locker or send me letters telling me that i should go to another shcool because i am a faggot or say they should kill me because i am an ugly faggot and they should kill me .;Abuse
it is like they beat the hellout of me with their stupid words .;Abuse
my first memories as a child are of being raped repeatedly .;Abuse
so much pressure is placed on the students to do well that i could not do it anymore .;Abuse
may you always remember i loved you once but died hating you .;Anger
i am leaving you with your worries in this sweet cesspool .;Anger
the worst they can do for one in this world is to hang you and if there is any eternal torment worse than mine i will have to be shown i do not know if it is of much importance but i feel that the only method of dying without pain is to use carbon monoxide .;Anger
it is obvious hc vever that i have pondered it and decided i would hurt them less dead than alive .;Anger
dear betty i hate you .;Anger
i feel disgusted when i see guys who make a fuss about the entrance examination all the time .;Anger
therefore i die although i would like to enter a firstrate university .;Anger
i envy others .;Anger
i cannot forgive the president and the director .;Anger
i cannot but feel angry .;Anger
from the agony i have been through fo o reason whatever i can only come to the logical conclusion that if there is a god that he is not so good as is made out .;Anger
the world i am living in now is the icily transparent universe of sickly nerves .;Anger
i worship you that is myfault .;Anger
great anxiety .;Anger
the constitution will remain forever you are finished .;Anger
the constitution means nothing to you .;Anger
you are not interested .;Anger
i do it so it feels like hell .;Anger
to whom it may concern goodbye you old prick and when i mean prick you are a prick .;Anger
hope you fall with the rest of us you yellow bastard .;Anger
no one ever ever had a more devoted or more understanding wife .;Anger
weak women have done it .;Anger
it takes humility not pride .;Anger
NAME man who ejaculates prematurely should never have been born .;Anger
i will go through with my heels at your hungry ribs .;Anger
for me the present university is nothing .;Anger
it is just like cows and pigs waiting in a wooden stable to be pulled out to the slaughter house .;Anger
NAME and his parents must get the severe punishment so that they do not spoil the life of another girl .;Anger
fuck them .;Anger
some asshole painted faggot on my locker .;Anger
fuck them fuck everyone i hate this fucking life know .;Anger
yesterday in the locker room some assholes said NAME is such a pussy and faggot .;Anger
he is an ugly stupid faggot and we should kill him .;Anger
i do not know what to fucking thing now .;Anger
then are just fucked assholes .;Anger
they do not fucking know me they are all assholes .;Anger
i hate everyone know .;Anger
i am a better person than any one of them and i fucking know that for sure .;Anger
they should all be in prison they are horrible i hate every fucking one so fuck them .;Anger
i know this that they are assholes .;Anger
so fucking what .;Anger
i am like evey fuckin other person just i am gay so fucking what .;Anger
assholes .;Anger
i should paint asshole on everyones locker before i die .;Anger
and i hope the assholes go to hell .;Anger
i am just like fucking NAME else god fuck shit .;Anger
you are just a pussy stupid fag boy .;Anger
you are such an ugly fag boy no faggot would even fuck an uglyfagg boiy like you .;Anger
i will not be the faggot the queer the fag boy the pussy .;Anger
i wish she was dead .;Anger
fuck fuck fuck fuck fuck fuck fuck asshole .;Anger
fuck her the bitch .;Anger
i hate her .;Anger
i hate her hate her hater her hate her hater her she is the faggot if faggot means anything bad not me .;Anger
assholes assholes fuck fuck fuck;Anger
what do they know they talk about fucking girls .;Anger
i never talk about any of it assholes fuck fuck fuck fuck fuck fuck fuck fuck fuck fuck fuck;Anger
god damn assholes .;Anger
asshole . i will stick it up his ass asshole .;Anger
can faggots be happy .;Anger
i do not know but i am not a faggot they are faggots and i am a person .;Anger
assholes .;Anger
itewqa on tuesday that ithouth antoerther antoe fuckufuckfuckfuck .;Anger
they are the fucking fags .;Anger
you are the fags;Anger
you say faggot faggot queer queer but you do not know anyting;Anger
i know that you are stupid assholes and that is more than you know;Anger
the real faggots are tthem;Anger
i formed a sort of a fuck you attitude towards my parents and came out as gay at school thinking that maybe if i eased into coming out as trans it would be less of a shock .;Anger
i am leaving you with your worries in this sweet cesspool .;Anger
their lives will be tough enough .;Anger
and i have become a monster .;Anger
NAME is a soulless bastard .;Anger
you are a waste of space ignorant and a rotten . . i wish i were never born .;Anger
all you want in life is partying your women and your selfish motives .;Anger
i am angry only because he has suspected me without any basis .;Anger
instead i have this black bitch bitch if the word is not familiar to you but at least an honest one who will mean what she says .;Anger
i am leaving you with your worries in this sweet cesspool good luck .;Anger
do whatever you want with the fucking thing .;Anger
NAME on the other side how could you NAME fake such a great love for me and our baby when all the time you did not want us i see no other way out for me so goodbye and good luck to you .;Blame
reasons for deciding to put an end to my life are simple and compelling parkinsons disease and the slow killing variety of leukemia ccl .;Blame
my dear this is to acquaint you that you are the fatal cause of this action your behavior to me has drove me distracted .;Blame
from him who was once an indulgent husband .;Blame
there is no one that admires jesus christ more than i do although the conventional contemporary method of worshiping him rives me a pain in the neck .;Blame
applause we have been so betrayed .;Blame
we have been so terribly betrayed .;Blame
they led me to destroy the proof of their misdeeds and still they behave as if they have nothing to do with me .;Blame
we have the means to afford the best doctors hospitals and aroundtheclock home care to the end of our days but neither of us wants that kind of life .;Blame
suicides have already betrayed the body .;Blame
it is not decent for society to make a man do this to himself .;Blame
it must be because we have thought of you in a thousand happy moments because we have imagined a thousand times how you with your generous nature would have laughed exulted if you had seen us together in the green room .;Blame
that is why you do not agree with me you do not understand japan .;Blame
you are unconstitutional listen you are unconstitutional .;Blame
the jieitai is unconstitutional you are all unconstitutional do not you understand will any of you rise with me you will not rise .;Blame
the irs and its liens which have been taken against our property illegally by a runaway agency of our government have dried up all sources of credit for us .;Blame
we die because you would not let us live in peace .;Blame
it has made it impossible for me to enjoy the simple pleasures of life .;Blame
she is the one person who could have saved me had i been savable .;Blame
as only a couple responded .;Blame
so pnuch that it makes me feel too fucking sad .;Blame
even you are only a pretext .;Blame
NAME is responsible for my death .;Blame
he refuses to help me .;Blame
why did so many people lie to me .;Blame
she killed me .;Blame
it is bullying that killed me .;Blame
i do not want you to think i would kill myself over you because you are not worth any emotion at all .;Blame
it is what you cost me that hurts and nothing can replace it .;Blame
i only got more christians telling me that i was selfish and wrong and that i should look to god for help .;Blame
because you killed me everyday .;Blame
you are much too ignorant and self concerned to even attempt to listen or understand everyone knows that .;Blame
you were always the one that provided for her .;Blame
you did not respect me .;Blame
you may not have known this but you affected me deeply to a point where i lost myself in loving you .;Blame
yet you tortured me everyday .;Blame
but you shattered my dreams .;Blame
you returned my love with cheating and lies .;Blame
you embarrassed me .;Blame
you tore my soul .;Blame
you destroyed my life .;Blame
you destroyed my christmas and my birthday dinner when i came back .;Blame
all i wanted was you and my happiness you took both away from me .;Blame
you made me feel alone and vulnerable .;Blame
being rather backward looking by nature except for science the feminists have always enraged me .;Blame
NAME today you have suspected me without any reason as no act of mine is wrong .;Blame
my mother or father to think that it was anything they did that lead me to kill myself .;Blame
i am afraid i am a coward .;Fear
this has been like a nightmare like life in the twilight zone .;Fear
it would not surprise me to wake up this minute to find out i was home in my bed and had just had a terrible nightmare .;Fear
however i am doubtful about when i can dare to take my own life .;Fear
life perspectives clouded by the vagaries and fears of openendedness become crystal clear .;Fear
how confused it all appears little did i then think that i should journey this road but peace i pray you peace they the pistols are loaded the clock strikes twelve .;Fear
slept horribly .;Fear
i am wondering if i will find time to think of the past as i whirl through space as it is said that a drowning man does when struggling in the water .;Fear
terrific smell of gas fumes .;Fear
i am afraid somebody will come .;Fear
i wonder what it is going to be like chest filling up fast .;Fear
seems to be terrific pressure first .;Fear
NAME had no such scruples and i fear the glitter of his genius rather dazzled me but had i been encouraged nothing but good would have come from me because when encouraged i paid everybody .;Fear
i just do not care anymore i need to go i am so scared now .;Fear
i know that life is horrible now .;Fear
i am scared everyday .;Fear
i do not khow about that everything will be like i am kind of scared too .;Fear
i keep thinking about the pills in the cabinet but i am scared .;Fear
i am so scared i want out but oh i do not know .;Fear
my head is horrible .;Fear
am so nervous all the time i loved ron too much but is that a sin with him gone i have nothing .;Fear
xmas is coming i cannot go on i am afraid i would break down .;Fear
i need to go to a dr . but i am afraid .;Fear
i was afraid that they would get down on me but they did not .;Fear
it is real scary for some of my friends they think they are responsible .;Fear
i am just so afraid of tomorrow !;Fear
i was scared of getting pregnant but i gave myself completely the pain you have caused me everyday has destroyed every bit of me destroyed my soul .;Fear
i just became increasingly scared that you would hurt me mentally or physically .;Fear
what have i done wrong ?;Fear
NAME to NAME may god forgive you and forgive me too but i prefer to take my life away and our babys before i bring him with shame or killing him .;Forgiveness
dear god please have mercy on my soul please forgive me i cannot stand the pain anymore .;Forgiveness
mama sisters and comrades forgive me it is not the best way i do not recommend it to others but i have no other exit .;Forgiveness
my child i have left behind i commend to gods care and i pray god forgive you and as i am weary of life hope he will forgive me your husband NAME .;Forgiveness
dear NAME forgive me but i had to do it like this for political reasons .;Forgiveness
god have mercy on both our souls .;Forgiveness
my god o my god pray forgive me and take care of my dear wife .;Forgiveness
22nd . god forgive me .;Forgiveness
bow wow and goodbye NAME .;Forgiveness
i write oh thou have mercy .;Forgiveness
i forgive everyone and ask forgiveness of everyone .;Forgiveness
god forgive the evil for the sake of the good .;Forgiveness
god forgive me .;Forgiveness
i hope that you will forgive me please forgive me .;Forgiveness
forgive me .;Forgiveness
to NAME may god forgive you and forgive me too but i prefer to take my life away and our baby s before i bring him with shame or killing him lupe .;Forgiveness
please if i have done anything worthwhile in my life .;Forgiveness
please think kindly of me and forgive me .;Forgiveness
so please forgive me all those i love and may god forgive me too but i cannot bear the agony and it is best for everyone this way .;Forgiveness
forgive me if i fail to make sense .;Forgiveness
life is unbearable for me forgive me .;Forgiveness
forgive the mistakes i had 15 minutes to write this .;Forgiveness
please forgive me all for taking my own life so early .;Forgiveness
please forgive me .;Forgiveness
i am sorry for everything .;Guilt
if i had done this a long time ago it would have saved a lot of pain .;Guilt
dear wife before this reaches you i shall be no more the weight of my misfortunes which i have brought upon myself by my criminal intercourse with mrs . d . i am not able to bear any longer and am therefore determined to quit a life that for some years has been but of little use to you or my children .;Guilt
i am ashamed of myself unable to grow out of childishness .;Guilt
i am sorry .;Guilt
and now i am the one who is blamed for everything .;Guilt
for several years i have been mistaken for another party the reason for which is a similarity of names and by being in the same profession .;Guilt
i know that i am spoiling your life that without me you could work .;Guilt
i cannot go on spoiling your life any longer .;Guilt
i am sorry i had to do this here it is really more than i can stand the horror day after day at the court and in the streets .;Guilt
i am sorry to disappoint the vultures .;Guilt
people may laug at me for committing suicide when i have parents a wife and children .;Guilt
if i were alone i would not have committed suicide .;Guilt
i do not know how to apologize to my mother .;Guilt
when i think of my hardworking mother laboring without rest i cannot die despite myself .;Guilt
kids if there are any errors in this letter i did not proof it carefully .;Guilt
i am deeply sorry for you .;Guilt
forgive me for such a vulga ote .;Guilt
sorry about this .;Guilt
in doing so i am very much afraid that i have brought a great deal of unhappiness to those who have loved me .;Guilt
forgive me .;Guilt
i am sorry i have to leave you alone .;Guilt
i have lied repeatedly about small things but unfortunately i forget what these small things were .;Guilt
i sincerely regret any inconvenience that this may have caused anyone involved .;Guilt
i am sorry to the people that i love but i can not fucking take it anymore .;Guilt
i do not want to be such a fucking problem for my family either .;Guilt
i wish i never told anyone i am gay why the fuck did i do that .;Guilt
i coulnd not do that do you .;Guilt
now i cannot stop crying i am so fucked up my head is so fucked up mom and dad i am sorry .;Guilt
i guess i am crying because i am sorry mom and dad but i am hppy that i will be in heaven and no more attacks .;Guilt
i am really sorry that i did this .;Guilt
i am sorry once again .;Guilt
i am sorry i continue to dissapoint you .;Guilt
i am sorry i have changed .;Guilt
and i do not know what to tell you other than i really am sorry but i know you wo not believe me .;Guilt
it was mostly my fault please forgive me .;Guilt
i feel guity beyond words about these things .;Guilt
the worst crime i can think of would be to rip people off by faking it and pretending as if i am having 100 fun .;Guilt
the life i would have lived is not worth living in because i am transgender .;Guilt
sorry if that is not a good enough reason for you it is good enough for me .;Guilt
i am so sorry i was not good enough for you or this school .;Guilt
sorry i was not perfect .;Guilt
sorry i was not pretty .;Guilt
sorry i was fat .;Guilt
sorry i came into this world .;Guilt
i am sorry i cannot name every one of you especially a . c . man thanks for being in my life .;Guilt
i am sorry we are not going to have our chance .;Guilt
i am sorry for the goldman family .;Guilt
forgive me fo ot seeing them .;Guilt
NAME i wanted to help you paint but how could i with a broken heart .;Guilt
do with NAME whats best i know she has been a lot of worry to mama and i am sorry .;Guilt
since i am a victim of political persecution my prison would simply be an american gulag .;Guilt
i realized how much i had hurt my friends and family which i did not think about before .;Guilt
NAME NAME sorry for using your room for this thing .;Guilt
to asa family sorry for disappointing all of you .;Guilt
NAME you were tired of life with me and with our poor situation because i never fulfilled your dreams and wishes .;Guilt
i am so . . sorry for being skinny .;Guilt
i am unable to take the responsibility and look after my family .;Guilt
i have always let each of you down in more ways than i can remember .;Guilt
i am just sorry i burden all of you the way i have .;Guilt
what did i provide ?;Guilt
i blame myself for her being gone !;Guilt
i have always brought you down .;Guilt
i am sorry for all that i have done to us .;Guilt
lee i am sorry;Guilt
i do not know how to say this to you but i might as well now as i have nothing to lose .;Guilt
i am embarrassed to start this but thank you for understanding and having changed my life even though you changed it i still am lost i mean i cannot get myself together i think it is because everything is pulling against my concentration everything one does or lives is impossible almost .;Guilt
sorry for this too brief letter .;Guilt
sorry .;Guilt
i feel that i will not improve and cannot keep on causing you and the children so much misery .;Guilt
i let him down .;Guilt
i cannot tell you how sorry i am for ending my life the way i did .;Guilt
i know that i am spoiling your life that without me you could work .;Guilt
as a father i could not give you much hence leaving you alone .;Guilt
i am glad to be here .;Peaceful
free at last .;Peaceful
i am so glad there is a dr . kevorkian to help me .;Peaceful
if we can enter eternal sleep we may at least have peace even if we may not enjoy happiness .;Peaceful
i spent christmas eve alone in this apartment hearing the laughter and joy of neighbors .;Peaceful
feeling very happy .;Peaceful
what a beautiful place this was .;Peaceful
i have done my part by the world as best i could .;Peaceful
i am very happy now .;Peaceful
this is my independence day from life .;Peaceful
be happy that all the bad shit i feel is goint fo be over finally forever .;Peaceful
they do not win i will win because i will be happy and they are horrible people . fuck i can not stop crying but i am very happy to it is weird .;Peaceful
i am getting happie ow .;Peaceful
i am not crying anymore and i am rfeeling happy .;Peaceful
i am happy .;Peaceful
i am really happy now .;Peaceful
i am happy now .;Peaceful
now that it is all said i feel at peace .;Peaceful
i appreciate the fact that i and we have affected and entertained a lot of people .;Peaceful
peace love empathy .;Peaceful
the support and friendship i received from so many NAME NAME NAME NAME NAME NAME NAME .;Peaceful
we had some fun .;Peaceful
you are special .;Peaceful
i have had a good life .;Peaceful
nicole and i had a good life together .;Peaceful
i have had a great life great friends .;Peaceful
peace and love NAME .;Peaceful
smiley face inside the o;Peaceful
i would have been lucky to make it to the front door .;Peaceful
i guess i was lucky because the doctors told everybody i was not going to make it .;Peaceful
but never forget i will whoop your ass if you get too crazy . . haha !;Peaceful
i have had a wonderful life but it is over and my nerves get worse and i am afraid they will have to take me away .;Peaceful
though i am about to kick the bucket i am as happy as ever .;Peaceful
i am satisfied with my decision because i have never been the man you NAME and especially NAME deserved .;Peaceful
am i glad i was rescued ?;Peaceful
oh yeah .;Peaceful
happy and fresh;Peaceful
many are happy and joyful .;Peaceful
but to those of you with depth and concern the real story will be what i hope and pray results from this morning in the coming months and years the development of a true justice system here in the united states .;Hopefulness
all my thoughts are with you with edda and all my beloved the last beats of my hear i will mark our great and eternal love your NAME;Hopefulness
my dear sister we are both going blissfully into the uncertain beyond .;Hopefulness
if you can arrange a tolerable life for themthanks .;Hopefulness
good luck to those who remain NAME .;Hopefulness
i believe that it is advisable if ones inclinations lead to the antisocial side .;Hopefulness
enticing as personal immortality sounds i hope for oblivion .;Hopefulness
woman good to be alive today .;Hopefulness
may i take the liberty of asking your favor for my family members;Hopefulness
i know you have a job to do but as a last wish please please please leave my children in peace .;Hopefulness
i hope i helped yours .;Hopefulness
peace and love NAME please please please leave my children in peace .;Hopefulness
please comfort my wife and tell her that this was no ordinary suicide and that she can rest assured that god will still gather me up in his great mercy god protect my dearest ones god bless you dear pastor evermore .;Hopefulness
in this instance the act is justified at least i believe so .;Hopefulness
and i know you will .;Hopefulness
i do hope i have not let people down too much .;Hopefulness
i only hope this has done the job .;Hopefulness
i would hope that someone could help me proofread it .;Hopefulness
in hopes the almighty will pardon me was i sure of that i should leave the world without the least regret .;Hopefulness
you may laugh at the contradiction between the love of nature and the wish for suicide .;Hopefulness
i may end my life in such a way that it appears to be death from illness .;Hopefulness
my wish to commit suicide now is probably the only willful act in my life .;Hopefulness
this is the best way .;Hopefulness
i hope you will soon get a kind and more prosperous if not independent husband for you are worthy i tried every move but without success to put myself beyond of it debt and difficulty and live in an independendcy sic with the world but you have only to be branded with the name of dewing and its the guinea stamp to be poor and in difficulties however vigilant persevering industrious economising you may be .;Hopefulness
i wish to be buried in uniondale cemetery no 4 facing marshall ave . so that i may be able to see the fairweather friends and thank them for their sarcastic and hateful remarks .;Hopefulness
farewell our dear dear friend and be very happy it is said to be possible on earth .;Hopefulness
farewell my dear friends in joy and sorrow remember two strange people who will soon embark on their great voyage of discovery .;Hopefulness
waiting .;Hopefulness
o god bless me through the evils of this day .;Hopefulness
o god bless us all through the evils of this day .;Hopefulness
like cherry blossoms in the spring let us fall so pure and radiant .;Hopefulness
goodbye sweets be seeing you soon .;Hopefulness
i am waiting .;Hopefulness
tenno heika banzai tenno heika banzai tenno heika banzai long live the emperor;Hopefulness
goodbye my darling i hope you will be able to come see me soon .;Hopefulness
you got what you wanted .;Hopefulness
may you never ever forget .;Hopefulness
i hope you can understand that .;Hopefulness
i thought i should at least make some attempt to let the world know what NAME and the peoples temple isor wasall about .;Hopefulness
i do it so it feels real .;Hopefulness
i guess you could say i have a call .;Hopefulness
may the precinct get along without you .;Hopefulness
i do hope she will understand what my malady was and forgive me a little .;Hopefulness
i will be at peace .;Hopefulness
god believe me i do .;Hopefulness
the courage .;Hopefulness
can i deny myself that certainly i know more about her than she does about me .;Hopefulness
and then all it takes is a little courage .;Hopefulness
i hope you understand .;Hopefulness
take good care of our adored little joseph and continue loving him as i love you .;Hopefulness
i will probably be considered insane as anyone taking his life is supposed to be slightly insane .;Hopefulness
i am wondering if the newspapers will decide to devote any space to me .;Hopefulness
i am wondering if i will find anything in death .;Hopefulness
maybe yet i will find it maybe sweet music .;Hopefulness
my intention i wish to use my body as a torch to dissipate the darkness to waken love among men and to bring peace to viet nam .;Hopefulness
god will understand and i know that .;Hopefulness
i now i need to die but i will be fine after i am dead .;Hopefulness
i am so sure of that because god will take care of me .;Hopefulness
i never did anything wrong and i know ai will go to heaven .;Hopefulness
i wil commit suicide and i will have peace and be freed .;Hopefulness
you must understand .;Hopefulness
i will be so happy in heaven .;Hopefulness
i can just be normal like everyone else .;Hopefulness
i have wanted to be dead for so long .;Hopefulness
so you will be happy .;Hopefulness
no more burden for you .;Hopefulness
you must understand me .;Hopefulness
nobody will hurt me again ever ever .;Hopefulness
no one will call me a fag or a queer or a pussy or a fag boy or anything .;Hopefulness
nobody is going to spit on me again .;Hopefulness
i guess that they do .;Hopefulness
i hope it is all that not here .;Hopefulness
i think i will be happy in heaven no longer a faggot just a person .;Hopefulness
to make everything better i have to die .;Hopefulness
i will be waiting at heaven s gates for you .;Hopefulness
i expect pain very likely to outweigh happiness and satisfaction in my life .;Hopefulness
it seeks to keep me alive and procreating .;Hopefulness
best wishes and fond regards;Hopefulness
ps here s hoping this encourages someone else who would benefit from it to take the leap .;Hopefulness
and now good bye may heaven send you a death even half equal to mine in joy and unutterable bliss that is the most heart felt and profoundest wish that i can think of for you .;Hopefulness
i will be at peace .;Hopefulness
no one had anything to do with this .;Hopefulness
i wish we could rewind .;Hopefulness
i feel calm and at peace and grateful that i can go to sleep painlessly .;Hopefulness
i wish i could have made a happier life for you .;Hopefulness
i wish with all my heart that they might have been better rewarded all of you my dear ones i ask to keep my memory alive in your hearts to live on in the hearts of our dear ones is all that i can conceive of immortality .;Hopefulness
i think NAME would like to have him with him at that time .;Hopefulness
i wish i could spare you the ordeal you have ahead .;Hopefulness
be glad i am at least free from the misery of the bronchoscopy .;Hopefulness
i wish i could spare you the ordeal you have ahead .;Hopefulness
why do not you just enjoy it ?;Hopefulness
for her life which will be so much happier without me .;Hopefulness
if you are reading this it means that i have committed suicide and obviously failed to delete this post from my queue .;Hopefulness
if you are reading this parents please do not tell this to your kids .;Hopefulness
although the reaction from my friends was positive my parents were pissed .;Hopefulness
they wanted me to be their perfect little straight christian boy and that is obviously not what i wanted .;Hopefulness
they were extremely excited to see me and talk to me but only at first .;Hopefulness
the only way i will rest in peace is if one day transgender people are not treated the way i was they are treated like humans with valid feelings and human rights .;Hopefulness
good luck .;Hopefulness
god brought you to me i now see .;Hopefulness
this way they can move on and go on with their lives .;Hopefulness
let my kids live in peace from you press .;Hopefulness
all her friends will confirm that i have been totally loving and understanding of what she has been going through .;Hopefulness
i hope i helped yours .;Hopefulness
we split into two to come change the world !;Hopefulness
i only hope this is fatal then i can rest and no more trouble to any one .;Hopefulness
we were confident that right and truth would prevail and i would be acquitted and we would devote the rest of our lives working to create a justice system here in the united states .;Hopefulness
but to those of you with depth and concern the real story will be what i hope and pray results from this morning in the coming months and years the development of a true justice system here in the united states .;Hopefulness
lets see if this will do it .;Hopefulness
let us see if i get myself with this one .;Hopefulness
pros or cons did not weigh them but i am sure you will let me know your view .;Hopefulness
but we could grab a drink after .;Hopefulness
i need a favor if you have any contacts for any artists like NAME NAME NAME NAME NAME . . etc .;Hopefulness
i would like to send you letters so you can send to their information or whichever way you think best .;Hopefulness
so i think that is the best idea through you .;Hopefulness
it is something i have to do and i would appreciate if you could do that for me if possible !;Hopefulness
the time has come for me to move on .;Hopefulness
and i wo not be the one to destroy anyone else s hopes and dreams .;Hopefulness
i must have peace and this is the only way .;Hopefulness
we are poor but now you do not have to be tense over my marriage .;Hopefulness
i hope i can find a place of peace and happiness a place i am child enough to live yet man enough to survive .;Hopefulness
i hope you can truly believe me .;Hopefulness
maybe on my journey i will find jesus .;Hopefulness
i want a new beginning .;Hopefulness
i hope i made a place in all your hearts and touched each and every one of you in a special way .;Hopefulness
i must find a new world a world of peace and happiness .;Hopefulness
please see to it that my family is paid that .;Hopefulness
i wish all the very best for the future .;Hopefulness
good luck to all .;Hopefulness
my last wish is that you should live your future life happily .;Hopefulness
even though i live i am not really alive .;Hopefulness
may her guts rot in hell i loved her so much .;Hopefulness
as you get this letter this should be no surprise that i have decided to leave the earth because i need to be with NAME .;Hopefulness
i know you do too .;Hopefulness
sure that will not bring NAME back but was NAME threatened ?;Hopefulness
someday you will be a great wife to lee and a fantastic mom .;Hopefulness
this will solve all our problems .;Hopefulness
you cannot hurt me further and anyone else .;Hopefulness
if it is possible to love in the hereafter i will love you even after death .;Hopefulness
may god have mercy on both our souls .;Hopefulness
i hope it makes you very happy this is not an easy thing to do but i have got to the point where there is nothing to live for a little bit of kindness from you would of made everything so different but all that ever interested you was the dollar .;Hopefulness
i will see you all in the heavens awaiting you all with the same love .;Hopefulness
i must end it .;Hopefulness
i will be at peace .;Hopefulness
god bless you my son and when your time comes to go to heaven you will find your ole pappy waiting for you .;Hopefulness
long live his imperial majesty .;Hopefulness
i hope you will understand what i am trying to convey to you .;Hopefulness
i thought he has got rid of everybody else he is going to get rid of himself and he did .;Hopefulness
i wish to god that if i am reborn i should be his wife although he has pained me much .;Hopefulness
i hope that someone finds this post and i hope that my parents know that i fucked up not them .;Hopefulness
i hope that you can all find it in your heart to see it as way for me not suffering anymore and that i am finally at rest with myself for being at rest with the guilt that constantly ate at me for so long .;Hopefulness
and you will i know .;Hopefulness
i am going out and i hope it is out nirvanha i think the bhudaists how do you spell bhudaists ?;Hopefulness
i hope further and i do not insist that you have the ordinary decency decency that is to do so will you see valerie through college she is the only one about whom i am concerned as this . 38 whispers in my ear .;Hopefulness
while we think it so grand;Hopefulness
can be told in an instant;Hopefulness
hope shall meet hopeless;Hopefulness
we are better than holding our owne but in heaven god is almost over come and i kill myself so i may go and help him because i have a funny little quirk in my brain which helps .;Hopefulness
i hope you never take a wrong turn like i did .;Hopefulness
i hope you continue to grow .;Hopefulness
i hope you overcome the unsecurity and i hope you realise that you are ever so beautiful .;Hopefulness
ready and excited;Hopefulness
i am eager and keen to have a good time .;Hopefulness
leaving the world to be a better place .;Hopefulness
grandfather grandmother uncle and mother will love you so much that you will never miss me .;Hopefulness
i request you to take care of vaishnavi .;Hopefulness
i hope you will be free to take anyone any place and i am sure you will not have any trouble as to places;Hopefulness
give me liberty or give me death .;Hopefulness
the sun is leaving the hill now so hope nothing else happens .;Hopefulness
since then i am filled with a wondrous peace and i regard death as the final release .;Hopelessness
my mood is one of profound discouragement and my personal future appears bleak .;Hopelessness
i am tired of being tormented to hell thats what i am tired of .;Hopelessness
tired of it .;Hopelessness
thats what death is sleep i am tired of it all .;Hopelessness
i am bored with my bodily functions and my mind is going .;Hopelessness
i do not think i can pass .;Hopelessness
my life has been lived .;Hopelessness
i feel we cannot go through another of those terrible times .;Hopelessness
i cannot fight any longer .;Hopelessness
i tried to do my stuff but after marshalls summing up i have given up all hope .;Hopelessness
my mind refuses to think clearly and i am not able to cope .;Hopelessness
after three and one half years i find i can no longer go on with this pain and agony .;Hopelessness
but my being tired of eating and having sex must mean i am losing animal energy .;Hopelessness
at present i dislike everything including myself .;Hopelessness
without you life is unbearable .;Hopelessness
simplest and cheapest would be to use the body in a university dissecting laboratory .;Hopelessness
i would aim for my exit date to predate discomfort of intensity which might diminish my chance of creating on my own terms the final stroke of my lifes canvas .;Hopelessness
no treasure of my life and there are many is greater than the growth emerging from the approach to my death .;Hopelessness
even then i have nothing against life .;Hopelessness
i am tired of everyone saying how much talent i have got .;Hopelessness
i figure i could do no good for him than myself;Hopelessness
i am done with life i am no good i am dead .;Hopelessness
i have lost my dream of the jieitai i salute the emperor .;Hopelessness
the war is like my final act a war of frustration .;Hopelessness
i ought to have been among other things a good poet .;Hopelessness
seriously there is nothing to be done hello .;Hopelessness
ever since i was diagnosed as having cancer you have done everything conceivable to precipitate my death .;Hopelessness
i am at this point right now so embittered against the world that i do not know why i am writing this .;Hopelessness
i have run from wife to wife from house to house and from country to country in a ridiculous effort to escape from myself .;Hopelessness
theres no hope left .;Hopelessness
i am too much of an erratic moody baby i do not have the passion anymore and so remember it is better to burn out than to fade away .;Hopelessness
i do not have much hope to see her again but who knows at least i am plunging into the void where one no longer suffers .;Hopelessness
january 14 1950 i am filled with distaste for what i have done for all my works .;Hopelessness
there is only one answer suicide .;Hopelessness
i have no choice .;Hopelessness
i end mine because it seems not only futile but wrong to go on existing .;Hopelessness
i am tired and no one wants me .;Hopelessness
i have lost the ocean again .;Hopelessness
i cannot find the ocean end up slamming into a redwood just like i could have slamtned into a home .;Hopelessness
with aids as you know it is fairly downhil lwithout much any hope for a reversal .;Hopelessness
my wife and i choose to die in order to escape the disgrace of disposition or capitulation .;Hopelessness
i cannot stand it .;Hopelessness
i am so fucking tired of the shit .;Hopelessness
i am scared and i am tired and i can not take any more .;Hopelessness
is it better that they kill me or i kill myself i do not fucking know .;Hopelessness
i just want to die and that is all so i do not have to put up with this fucking shit .;Hopelessness
fuck fuck fuck fuck i just need to die .;Hopelessness
then i think about comitting suicide agaoin .;Hopelessness
i cannot live one more day .;Hopelessness
god must have wanted me to be with him now because he is tlling me to kill myself .;Hopelessness
i need to die just undertand .;Hopelessness
i feel so sick not i kind of feel happy to because i know know it will be over soon .;Hopelessness
but i have to die now because i cannot take one more day i cannot take one more fucking day of them saying fag queer hittng me spittin at me .;Hopelessness
what is heavenreally like mom and dad .;Hopelessness
everying will be fine i am happeire that i have ever been because it is all over .;Hopelessness
i am trying to watch tv but i do not know what i am watching .;Hopelessness
i am so tired of hurting and being a lone .;Hopelessness
i have no control over anything in my life .;Hopelessness
i had my last meal a quiche and an earl grey tea which tasted great and a walk on the beach .;Hopelessness
i must end it .;Hopelessness
there is no hope left .;Hopelessness
to try further would mean many more months of bed rest more shots and inhalations i cannot remain at the hospital for the winter months and a prolonged stay at a rest home is out of the question .;Hopelessness
i feel justified in terminating a life which no longer holds any hope of having the essentials which make it worth living i did desperately want to get well i still had much to live for hope for recovery hope of a reunion with the children work which i loved and which could have given me financial security and great satisfaction .;Hopelessness
i do not have the passion anymore and so remember it is better to burn out than to fade away .;Hopelessness
i felt hopeless that i was just going to look like a man in drag for the rest of my life .;Hopelessness
i think of my life and feel i have done most of the right things .;Hopelessness
i am so tired and lonely .;Hopelessness
i am sick of it all .;Hopelessness
why should i bother trying anymore ?;Hopelessness
i am tired of trying .;Hopelessness
it upset my life a lot it threw everything backwards .;Hopelessness
the future is just old age and illness and pain .;Hopelessness
desperate to start a life .;Hopelessness
i am tired of this life so am going over to see the other side .;Hopelessness
i am totally bankrupt and broken .;Hopelessness
i do not deserve life anymore .;Hopelessness
at the end i have no option other than committing suicide .;Hopelessness
these days i see no light i wake up not wanting to wake up .;Hopelessness
i have no reason to breathe anymore .;Hopelessness
i have no confidence or self esteem left whatever talent whatever ambition you took it all away .;Hopelessness
i have nothing left in this world to live for after this .;Hopelessness
there is no hope left .;Hopelessness
am tired of people always telling me that they do not like me .;Hopelessness
i am tired of trying to be decent .;Hopelessness
love NAME;Love
j love you thank you for making my life so happy .;Love
love NAME;Love
i love you NAME you understand that last night was only a comedy .;Love
if we had a problem it is because i loved her so much .;Love
at times i have felt like a battered husband or boyfriend but i loved her .;Love
maybe this will start a chain reaction of awakening love communication .;Love
love and peace .;Love
what i want to say is i owe all the happiness of my life to you .;Love
my last word to you is the same that i have said during all these long sad yearslove .;Love
my last and loving thoughts are of you .;Love
my darling to love you as i do and live without you is more than i can bear .;Love
i love you so completely whole heartedly without restraint .;Love
if it is possible to love in the hereafter i will love you even after death .;Love
he alone knows my heartache and love for you .;Love
the knot of pink ribbon which you wore on your bosom the first time that i saw you surrounded by the children oh kiss them a thousand times for me and tell them the fate of their unhappy friend i think i see them playing around me .;Love
good bye my dear dear little wife .;Love
on a day like this everyone seeks the company of beloved ones .;Love
to my family and friends i love you very much .;Love
love .;Love
i embrace you both from the very bottom of my heart .;Love
my beloved berthe i am like a madman a frightening pain is gripping my brain .;Love
i love you completely you will find my body on the lot on the north side of the house .;Love
i kiss my dear children and carlotta .;Love
theres good in all of us and i simply love people too much .;Love
you are my children and i love you more than myself .;Love
love forever .;Love
please they love me too much and i need justice after my death .;Love
honey love u all mummy pappa bhaiya miss u .;Love
i love you all .;Love
love always NAME .;Love
daddy dear;Love
love NAME;Love
i love you mom and dad because even though you did not undertand may be you loved me and said i was fine and you would help me but at school it was like being in hell .;Love
no no fuck this world and everyone but i dnot mean you ilove you mom and dad and i do have some friends and not many but most everyone is a stupid asshole and i hope that they get sick and die .;Love
goodbye i love you mom and dad but i hate almost everyone else .;Love
dear mum;Love
i love you so much and i could not ask for a better mum .;Love
i love you .;Love
i love you to death but i just could not do it anymore .;Love
dear NAME;Love
my dearest NAME;Love
there is good in all of us and i think i simply love people too much so much that it makes me feel too fucking sad .;Love
only because i love and feel sorry for people too much i guess .;Love
i love you i love you !;Love
i loved her always have and always will .;Love
i want to send my love and thanks to all my friends .;Love
skip and kathy i love you guys without you i never would have made it through this far .;Love
at times i have felt like a battered husband or boyfriend but i loved her make that clear to everyone .;Love
you have always been my soul mate and i want you to love life and know i am always with you .;Love
i love you so much and know are an angel .;Love
i love you !;Love
i knew i loved you savage garden;Love
also all our friends especially NAME and NAME and NAME i love them also .;Love
i loved this house once but now it is so full of memories i cannot stay here .;Love
i love every one but i cannot be one of you any more .;Love
i loved it but that was not anything .;Love
well get at me love ya brother !;Love
dear mom i love you with all my heart .;Love
i love you !;Love
anne i love you .;Love
NAME i love you .;Love
my darling;Love
NAME our grand daughter i miss her .;Love
i love you i love you i hope you get to see NAME soon .;Love
i love you NAME;Love
mommie my darling;Love
i love you so completely wholeheartedly without restraint .;Love
how i loved you what you meant to me .;Love
dear NAME;Love
dear NAME;Love
my love you are in my heart .;Love
dear mother dad;Love
i love you both very much and wanted to get along with you both .;Love
your loving daughter;Love
love you;Love
dear NAME;Love
i loved you and was proud of you .;Love
dear children;Love
love NAME;Love
i love you all and will forever live within the memories we created .;Love
dearest i feel certain that i am going mad again .;Love
NAME i have always loved you .;Love
dear . .;Love
my dearest daughter NAME;Love
islam will be victorious in the end and lead the world .;Pride
woman i am glad that youre my brothers and sisters .;Pride
i am proud of how i lived .;Pride
i have always tried to be up and helpful .;Pride
my family is of the highest moral character and i feel that a stigma would attach unless i let the public at large know through this deed that i am a victim of circumstance by reason of mistaken identity .;Pride
i do not think two people could have been happier than we have been .;Pride
my spirit soars above my coffin .;Pride
i have always been such a good girl .;Pride
i have always been a very good person but it looks like i really got in a mess through no real fault of my own .;Pride
ahmad i never stopped being proud of you .;Pride
i am proud of how i lived .;Pride
your characteristic is that of a true angel and the definition of god s love !;Pride
all anyone talks about is how great they are or how great their kid is .;Pride
it is all about how great i am .;Pride
you have truly done something special at cdm .;Pride
you are the best you always have been .;Pride
to those of you who are shallow the events of this morning will be that story .;Sorrow
i am going to die in office in an effort to see if the shameful facts spread out in all their shame will not burn through our civic shamelessness and set fire to american pride .;Sorrow
what makes it nevertheless hard to take this final step is the reflection of the pain it is bound to inflict on my few surviving friends and above all my wife NAME .;Sorrow
my life came to an end the moment i said my last farewell to you .;Sorrow
in his charity god thus spared me the bitter end .;Sorrow
since i began feeling other peoples minds i have come to feel even more miserable .;Sorrow
i may look human from the outside but my inside is empty stupid dullwitted and selfisolating .;Sorrow
i cannot .;Sorrow
i do not .;Sorrow
i have paid my debts and no longe eed to count pains i have suffered at the hands of others the misfortunes and the insults .;Sorrow
her bare feet seem to be saying we have conte so far it is over .;Sorrow
for the past six or seven years i have been enduring the slings and arrows of outrageous misfortune until i feel like a wornout pin cushion .;Sorrow
we might have lived happily and in credit had your conduct been like mine .;Sorrow
i hope the man who has been the cause of it will think of this sad catastrophe .;Sorrow
farewell for ever .;Sorrow
i am leaving this place forever without thoughts without hope without work alone in the dark of night .;Sorrow
thats how unbelievable this has been .;Sorrow
it bothered me that when i die i might slip through the cracks and i thought well thats just the way it is .;Sorrow
you live in the country and life is cheap .;Sorrow
i just want to get out of here and go to sleep and just be left alone .;Sorrow
the question of suicide and selfishness to close friends and relatives is one that i cannot answer or even give an opinion on .;Sorrow
and the eight balls dreadful like an outhouse in a fog looms up to charm its victim supine in the grip of grog .;Sorrow
in spite of all that i have tried a handful of our people with their lies have made our life impossible .;Sorrow
theres no way to detach ourself from whats happened today .;Sorrow
if we cannot live in peace then lets die in peace .;Sorrow
and theres no way no way we can survive .;Sorrow
well some everybody dies .;Sorrow
some place that hope runs out because everybody dies .;Sorrow
we cannot have this .;Sorrow
you have never felt so good as how that feels .;Sorrow
we used to think thisworld wasthis world was not our home and it sure isnt .;Sorrow
rebelling i have not studied for about two months .;Sorrow
i am in bad shape .;Sorrow
why am i alone to be picked out i have worked hard in the matter of gift giving to outsiders .;Sorrow
so why is this happening i am sorry for the goldman family .;Sorrow
i know how much it hurts .;Sorrow
my life is complete except all my brothers are in troublewar poverty hunger hostility .;Sorrow
i have been so down so god dam down i cannot get up .;Sorrow
not even pot helps .;Sorrow
i have had a wonderful life but it is over and my nerves get worse and i am afraid they will have to take me away .;Sorrow
my fondes dreams are shattered because ofa petty offial i decide to end it .;Sorrow
somewhere a violin plays as i watch my life whirl away .;Sorrow
subject internet suicide note whats sad is that it did not have to end like this .;Sorrow
but now i am so isolated that will never happen .;Sorrow
all i want is a hug dammit but i will never have another one .;Sorrow
dearest i feel certain i am going mad again .;Sorrow
and i shant recover this time .;Sorrow
i begin to hear voices and i cannot concentrate .;Sorrow
i do not think two people could have been happier till this terrible disease came .;Sorrow
you see i cannot even write this properly .;Sorrow
i cannot read .;Sorrow
i would rather get myself .;Sorrow
i have long determined that the best thing i could do was to put an end to the existence of a being whose birth was unfortunate and whose life has only been a series of pains to those persons who have hurt their health in endeavoring to promote her welfare .;Sorrow
perhaps to hear of my death may give you pain but you will soon have the blessing of forgetting that such a creature ever existed .;Sorrow
the talk made me realize the misery of human beings struggling just to live .;Sorrow
this gives me satisfaction even in a life which has been a series of sufferings .;Sorrow
i have had many dreams as all young people do but thinking back i might after all just have been an odd person .;Sorrow
i cannot help dying with contempt for myself as the scum of society and an ungrateful coward .;Sorrow
my mothers incessant but miserable efforts .;Sorrow
all were beyond what i deserved .;Sorrow
deaths a sad bone bruised you would say and yet she waits for me year after year to so delicately undo an old wound to empty my breath from its bad prison .;Sorrow
here i am with nowhere to spend new years in anyones company .;Sorrow
my life has been nothing but a battle for the last four months .;Sorrow
prayed in sorrow and got up in agitation .;Sorrow
i have always had excellent health but since my early childhood i have suffered from a melancholia which in the last five years has begun to show definite symptoms of manicdepressive insanity .;Sorrow
if the gossips insist on something more definite and thrilling as a reason let them choose my pending appointment with the dentist or the fact that i happen to be painfully short of cash at the moment .;Sorrow
i am a nuisance;Sorrow
it is time to die .;Sorrow
a sense of failing health of physical decadence .;Sorrow
may 16 now even the morning is filled with pain .;Sorrow
the real fault apart from my own lies with that agonizing disquietude with its secret smile .;Sorrow
the more the pain grows clear and definite the more the instinct for life asserts itself and the thought of suicide recedes .;Sorrow
if so what everything has always been discord when i long sofor harmony .;Sorrow
it is getting rather dark to write .;Sorrow
if we go to a university in japan it must be tokyo or kyoto .;Sorrow
sometimes this genius goes dark and sinks down into the bitter well of his heart .;Sorrow
i do not want to give you sorrow but i am not able to live i am dying every moment .;Sorrow
good bye forever .;Sorrow
this year has been so tough .;Sorrow
i cannot stand it anymore .;Sorrow
why does it have to be like this ?;Sorrow
as much as it hurts me i cannot make it this friday .;Sorrow
i must have been born to suffer .;Sorrow
why dooes everyone hate me becaus of that .;Sorrow
i have been punched and spit on and called faggot queer loser pussy fag boy .;Sorrow
some people do not talk to me .;Sorrow
why do people need to do this and we did nothing .;Sorrow
so why is this life so fucked .;Sorrow
why i just am going to end eveything now this is it i need to kill myself i love many people mom and dad i love you and you did not do anything bad i hate life and this is why i have to die i am scared and i am tired of being laughted at made fun of beaten up and threatened and shit and and feeling like shit .;Sorrow
how do we know anyting .;Sorrow
people are just too stupid .;Sorrow
do you like to fuck guys fag boy .;Sorrow
you like guys little fag boy .;Sorrow
i am never happy .;Sorrow
cannot i tell anyone .;Sorrow
why was i a gay though why me why whey why why i always ask .;Sorrow
and why does fag have to mean anything bad but i am gay not a fag and just a person like anyone else .;Sorrow
it is not worth living .;Sorrow
it really is not worth living .;Sorrow
why should i go on .;Sorrow
i feel like shit everyday i do not want to go out anymore .;Sorrow
i never want to go to school how can i learn anyting i cannot i do not care .;Sorrow
grades so what and then i will work and people will call me fag i will always be a fag to them .;Sorrow
or that i am an ugly faggot and no other faggot would fuck me .;Sorrow
who says i want to fuck or when or why or where .;Sorrow
why did all of this happen my head is just so fucked up i am sad always .;Sorrow
i do not remember when iwas happy .;Sorrow
i feel so much pain all of the time i guess you could say that i am like numb .;Sorrow
because i am .;Sorrow
just pain all pain .;Sorrow
and i hate the pain .;Sorrow
i am always sad .;Sorrow
but when all usefulness is over when one is assured of an unavoidable and imminent death it is the simplest of human rights to choose a quick and easy death in place of a slow and horrible one .;Sorrow
it is so lonely here .;Sorrow
i want to sleep but it just wo not come .;Sorrow
my head hurts so much from crying but if i take anything for it i am scared i wo not stop and i would want to stop .;Sorrow
i am breaking into pieces .;Sorrow
but my heart cannot take this pain .;Sorrow
i am going to miss you so much .;Sorrow
goodbye sad;Sorrow
i am depressed .;Sorrow
am haunted by the vivid memories of killings and corpses and anger and pain . . of starving or wounded children of;Sorrow
have gone to join NAME if i am that lucky .;Sorrow
if life were more a positive experience than a negative i would stick around until infirmity set in .;Sorrow
the truth is nothing on earth can help me .;Sorrow
everyday became harder and harder .;Sorrow
i know you cannot understand and i do not expect you to .;Sorrow
i am a lonely soul;Sorrow
all of a sudden all will and determination to fight on has left me .;Sorrow
but it was not to be i am defeated and exhausted physically and emotionally .;Sorrow
i grieve that i could not have had the joy of being close to our babies but that is no one s fault .;Sorrow
i am said that i must go just a few days before your birthday but it so happened to pan out .;Sorrow
i see no good in incurring the expense and misery of the bronchoscopy .;Sorrow
i NAME hereby declare my wish to die a free man rather than to continue to live as a slave in a prison;Sorrow
it seems as if i have been spending all my life apologizing to you for things that happened whether they were my fault o ot .;Sorrow
sometimes i feel as if i should have a punch in time clock before i walk out on stage .;Sorrow
i need to be slightly numb in order to regain the enthusiasms i once had as a child .;Sorrow
the sad little sensitive unappreciative pisces jesus man .;Sorrow
i cannot stand the thought of frances becoming the miserable self destructive death rocker that i have become .;Sorrow
i am too much of an erratic moody baby !;Sorrow
even if you are christian or are against transgender people do not ever say that to someone especially your kid .;Sorrow
when i was 16 i realized that my parents would never come around and that i would have to wait until i was 18 to start any sort of transitioning treatment which absolutely broke my heart .;Sorrow
i was completely alone for 5 months .;Sorrow
no friends no support no love .;Sorrow
just my parent s disappointment and the cruelty of loneliness .;Sorrow
after a summer of having almost no friends plus the weight of having to think about college save money for moving out keep my grades up go to church each week and feel like shit because everyone there is against everything i live for i have decided i have had enough .;Sorrow
i am never going to transition successfully even when i move out .;Sorrow
i am never going to be happy with the way i look or sound .;Sorrow
i am never going to have enough friends to satisfy me .;Sorrow
i am never going to have enough love to satisfy me .;Sorrow
i am never going to find a man who loves me .;Sorrow
i am never going to be happy .;Sorrow
either i live the rest of my life as a lonely man who wishes he were a woman or i live my life as a lonelier woman who hates herself .;Sorrow
there is no winning .;Sorrow
there is no way out .;Sorrow
i am sad enough already i do not need my life to get any worse .;Sorrow
it gets worse .;Sorrow
each day i get worse .;Sorrow
dear world i am leaving because i am bored .;Sorrow
why did i deserve this pain ?;Sorrow
have you ever thought about what you said to me ?;Sorrow
huh . . maybe not !;Sorrow
i am so sick of being called ugly fat stupid . . worthless etc .;Sorrow
and i sure in the hell do not need you to tell me .;Sorrow
you told me so much that i started believing it .;Sorrow
took all my pills be dead soon so bye bye every one .;Sorrow
in kindergarten i could not use the bathroom and would stand petrified whenever i needed to which started a trend of awkward and unexplained social behavior .;Sorrow
the damage that was done to my body still prevents me from using the bathroom normally but now it is less of a physical impediment than a daily reminder of what was done to me .;Sorrow
if we had a problem it is because i loved her so much .;Sorrow
despite our love we were different and that is why we mutually agreed to go our separate ways .;Sorrow
i wish we had spent more time together in recent years .;Sorrow
what the outcome people will look and point .;Sorrow
i have always tried to be up and helpful so why is this happening ?;Sorrow
i know how much it hurts .;Sorrow
everyone seems so happy and i am so alone .;Sorrow
i have tried to think of some way to go on but cannot .;Sorrow
i have lost every thing so why go on .;Sorrow
i worshipped ron and when he went i lost my whole world and everything .;Sorrow
oh how can i stand being left .;Sorrow
i got hurt bad when i was a child .;Sorrow
i was hurt in a way that no person no little child should be hurt .;Sorrow
i think about suicide on a daily basis sometimes it is all that i can think about .;Sorrow
i had a lot of problems with my memory for a while .;Sorrow
even now i cannot remember some things .;Sorrow
starting a week before the overdose i do not remember anything at all .;Sorrow
it sounds real stupid .;Sorrow
i started wondering if people could trust me .;Sorrow
i was embarrassed that people had to see me like that .;Sorrow
if i cannot see my daughter here i will see her from above;Sorrow
papa i only see sadness in your face .;Sorrow
you are tense because you have to get two daughters married .;Sorrow
i just was not meant for this world !;Sorrow
i hurt so bad inside !;Sorrow
i wll miss you .;Sorrow
it was always with myself i had problems .;Sorrow
i feel a growing gap between my soul and my body .;Sorrow
our feelings are second handed .;Sorrow
our love is constructed .;Sorrow
it has become truly difficult to love without getting hurt .;Sorrow
in every field in studies in streets in politics and in dying and living .;Sorrow
my birth is my fatal accident .;Sorrow
i can never recover from my childhood loneliness .;Sorrow
may be i was wrong all the while in understanding world .;Sorrow
all the while some people for them life itself is curse .;Sorrow
my birth is my fatal accident .;Sorrow
i can never recover from my childhood loneliness .;Sorrow
i am not hurt at this moment .;Sorrow
i am not sad .;Sorrow
that is pathetic .;Sorrow
people may dub me as a coward .;Sorrow
and selfish or stupid once i am gone .;Sorrow
i forgot to write the formalities .;Sorrow
i was always tensed to see you worrying because of my tension .;Sorrow
what is a few short years to live in hell .;Sorrow
this is no way to live .;Sorrow
her grub i cannot eat .;Sorrow
at night i cannot sleep .;Sorrow
i married the wrong nag nag nag and i lost my life .;Sorrow
so much pressure is put on kids to do good and a lot of kids make mistakes .;Sorrow
people do not understand how to be selfless .;Sorrow
nobody seems to understand they only see people on the outside .;Sorrow
finals have pressured me immensely along with a lot of other people .;Sorrow
i will not be allowed to love and trust everybody .;Sorrow
if i were your bitchy comments that i am assuming were your attempt to help would not have .;Sorrow
if i had stayed another minute i would have painted the walls and stained the carpets with my blood so you could clean it up .;Sorrow
no more games .;Sorrow
no more bombs .;Sorrow
no more walking .;Sorrow
no more fun .;Sorrow
no more swimming .;Sorrow
boring .;Sorrow
i am always bitchy .;Sorrow
no fun for anybody .;Sorrow
i have caused too great a burden to be placed upon them .;Sorrow
i cannot begin to fathom the countless agonies down the road .;Sorrow
the rest of my life would only be a burden for others .;Sorrow
i am unable to do anything because of poor health .;Sorrow
i cannot keep on going because it should be me that is gone from this earth not her .;Sorrow
i have never been the man any of you could count on .;Sorrow
i do not feel sorry for myself .;Sorrow
i cannot be strong anymore .;Sorrow
i miss her so much .;Sorrow
NAME i miss her .;Sorrow
i miss her . . i want my family back .;Sorrow
why is she gone ?;Sorrow
why could she not come to us ?;Sorrow
wow what a word stupid .;Sorrow
again i do not feel sorry for myself but yes i am stupid .;Sorrow
the loss of NAME .;Sorrow
the loss of NAME .;Sorrow
the loss of us NAME the meds i am ready .;Sorrow
saying good bye please understand it is for the best .;Sorrow
you had great plans which did not include me .;Sorrow
so good bye my love .;Sorrow
i am broken inside .;Sorrow
i feel dead inside .;Sorrow
it did not matter how many gifts i gave you or how beautiful i looked for you .;Sorrow
i cannot eat or sleep or think or function .;Sorrow
the career is not even worth it anymore .;Sorrow
about you cheating on me .;Sorrow
things were looking up for me here but is it worth it when you constantly feel the pain of heartbreak when the person you love wants to abuse you or threatens to hit you or cheats on you telling other girls they are beautiful or throws you out of their house when you have nowhere to go and you have come to them out of love or when they lie to your face or they make you chase after them in their car .;Sorrow
or disrespects their family .;Sorrow
but you were never my partner .;Sorrow
my future is destroyed my happiness snatched away from me .;Sorrow
you never appreciated my love kicked me in the face .;Sorrow
it hurt me so much that i waited for you for ten days and you did not bother buying me something .;Sorrow
you chose to be away from me on valentines day .;Sorrow
i spent money on you selflessly you would throw in my face .;Sorrow
when i would cry for you .;Sorrow
i leave this place with nothing but broken dreams and empty promises .;Sorrow
all i want now is to go to sleep and never wake up again .;Sorrow
i am nothing .;Sorrow
i felt so alone even while with you .;Sorrow
then i feel like i am not existing in the human race at all .;Sorrow
for seven years life has brought me no joy and being totally blas i have decided to put an end to those viragos .;Sorrow
how can you explain that since 72 women were not authorized to go to the frontline ? ?;Sorrow
will we hear of caesar s female legions and female galley slaves who of course took up 50 of the ranks of history though they never existed .;Sorrow
the ongoing stress put on at cdm has been inescapable .;Sorrow
putting this much pressure on me has caused me to do what i do .;Sorrow
a handful of the problems i have had this year are teachers giving us worksheets then not teaching while the whole class messes around having a teacher tell we that there will he something on the final that we have not learned and will not learn having things on prior tests that we have eithe ot learned or barely gone over at all and a mean teacher who made every day i had with this teacher something i dreaded to .;Sorrow
the stress put on we has led me to this point .;Sorrow
things just seemed to go too wrong too many times .;Sorrow
papa your unfortunate daughter laxmi;Sorrow
i hate myself and i hate living .;Sorrow
i have a job but i am always broke;Sorrow
imagine god playing a dirty trick on me like another life ! !;Sorrow
could it really be so awful ? that is what i say to myself now .;Sorrow
ah the unexplainable;Sorrow
heartache unresolved;Sorrow
with death shall be solved .;Sorrow
despair and depression;Sorrow
the sadness will last forever .;Sorrow
my heart beginning to break .;Sorrow
my eyes drowning in a sea of emotion .;Sorrow
excuse the blood but i have slit my wrists and neck .;Sorrow
no one will understand the reason for this anyway .;Sorrow
to give some semblance of an explanation i am not a human this is just a dream and soon i will awake .;Sorrow
as a last salutation may i present life eternal .;Sorrow
when a man does not know where to take his wife then she is not a wife any more;Sorrow
what is a few short years to live in hell .;Sorrow
no more i will have to eat the leftover articles that was cooked the day before .;Sorrow
this is no way to live .;Sorrow
either is it any way to die .;Sorrow
i married the wrong nag nag nag and i lost my life .;Sorrow
people have always put obstacles in my way .;Sorrow
what on earth is in me i may be breathing thanks to the support of parents and other people around me but my real self is like a lifeless doll .;Thankfulness
i just like to thank dad NAME cause he was the only one to stand up for me when i need him .;Thankfulness
i thank you for the favor you have given me just because i am from the same prefecture as you .;Thankfulness
i am thankful for it and i feel sorry that i gave you much trouble .;Thankfulness
i want to send my love and thanks to all my friends i am sorry i cannot name every one of you especially a . c . man thanks for being in my life .;Thankfulness
thanks for making my life special .;Thankfulness
the dear children how warmly have i been attached to you NAME since the first hour i saw you how impossible have i found it to leave you this ribbon must be buried with me it was a present from you on my birthday .;Thankfulness
thank you for standing beside me .;Thankfulness
for my part i am more tired of this wretched merciless planet the hell it holds for so many masses of beautiful people thank you for the only life i have known .;Thankfulness
in particular my remorse is bitter over my failure to appreciate my beautiful lost angel NAME the only woman i ever loved and whom i respect and admire above all the rest of the human race .;Thankfulness
i have it good very good and i am grateful .;Thankfulness
many thanks to all my friends .;Thankfulness
many thanks to professor NAME s last psychiatrist .;Thankfulness
many thanks to mr . NAME .;Thankfulness
many thanks to my family .;Thankfulness
many thanks to sister fei in my life i have done nothing bad .;Thankfulness
thank you for caring and feeding and loving me for 14 years .;Thankfulness
pps thanks for the support not that you convinced me but i appreciate the camaraderie .;Thankfulness
thank god they are well with my passing all menace to their wellbeing will have disappeared .;Thankfulness
i am deeply grateful for all your kindness .;Thankfulness
their generosity devotion love and tact made it possible for me to accept their financial help over a long period of time .;Thankfulness
i have a goddess of a wife who sweats ambition and empathy and a daughter who reminds me too much of what i used to be full of love and joy kissing every person she meets because everyone is good and will do he o harm .;Thankfulness
thank you all from the pit of my burning nauseous stomach for your letters and concern during the past years .;Thankfulness
my golfing buddies NAME NAME NAME NAME NAME NAME NAME NAME NAME NAME thanks for the fun .;Thankfulness
NAME NAME thanks for always being there .;Thankfulness
NAME thanks for the early years .;Thankfulness
thanks for making my life special .;Thankfulness
i thank the good lord for giving me 47 years of exciting challenges stimulating experiences many happy occasions and most of all the finest wife and children a man could ever desire .;Thankfulness
thank you for making my life so happy .;Thankfulness
i appreciate all your work time effort and never let that slip your mind !;Thankfulness
goodbye and thank you for all your love .;Thankfulness
thanks for all the pain .;Thankfulness
thanks for giving me the opportunity .;Thankfulness
thanks to all for the memories .;Thankfulness
thank you for trying to talk and understand me .;Thankfulness
and thank you for accusing me of being annorexic for years .;Thankfulness
thanks for letting paula help me on the picture .;Thankfulness
thank you for being a positive influence on my life and making it a little better .;Thankfulness
